invoice_id,customer,expected_sats,expected_bch,address,due_date,payment_reference
SYN-001,Fictional customer 01,1000000,0.01000000,1BpEi6DfDAUFd7GtittLSdBeYJvcoaVggu,2026-10-06,
SYN-002,Fictional customer 02,1000000,0.01000000,1BpEi6DfDAUFd7GtittLSdBeYJvcoaVggu,2026-10-06,
SYN-003,Fictional customer 03,1000000,0.01000000,1BpEi6DfDAUFd7GtittLSdBeYJvcoaVggu,2026-10-06,
SYN-004,Fictional customer 04,1000000,0.01000000,1BpEi6DfDAUFd7GtittLSdBeYJvcoaVggu,2026-10-06,
SYN-005,Fictional customer 05,1000000,0.01000000,1BpEi6DfDAUFd7GtittLSdBeYJvcoaVggu,2026-10-06,
SYN-006,Fictional customer 06,1000000,0.01000000,1BpEi6DfDAUFd7GtittLSdBeYJvcoaVggu,2026-10-06,
SYN-007,Fictional customer 07,1000000,0.01000000,1BpEi6DfDAUFd7GtittLSdBeYJvcoaVggu,2026-10-06,
SYN-008,Fictional customer 08,1000000,0.01000000,1BpEi6DfDAUFd7GtittLSdBeYJvcoaVggu,2026-10-06,
SYN-009,Fictional customer 09,1000000,0.01000000,1BpEi6DfDAUFd7GtittLSdBeYJvcoaVggu,2026-10-06,
SYN-010,Fictional customer 10,1000000,0.01000000,1BpEi6DfDAUFd7GtittLSdBeYJvcoaVggu,2026-10-06,
SYN-011,Fictional customer 11,1000000,0.01000000,1BpEi6DfDAUFd7GtittLSdBeYJvcoaVggu,2026-10-06,
SYN-012,Fictional customer 12,1000000,0.01000000,1BpEi6DfDAUFd7GtittLSdBeYJvcoaVggu,2026-10-06,
SYN-013,Fictional customer 13,1000000,0.01000000,1BpEi6DfDAUFd7GtittLSdBeYJvcoaVggu,2026-10-06,
SYN-014,Fictional customer 14,1000000,0.01000000,1BpEi6DfDAUFd7GtittLSdBeYJvcoaVggu,2026-10-06,
SYN-015,Fictional customer 15,1000000,0.01000000,1BpEi6DfDAUFd7GtittLSdBeYJvcoaVggu,2026-10-06,
SYN-016,Fictional customer 16,1000000,0.01000000,1BpEi6DfDAUFd7GtittLSdBeYJvcoaVggu,2026-10-06,
SYN-017,Fictional customer 17,1000000,0.01000000,1BpEi6DfDAUFd7GtittLSdBeYJvcoaVggu,2026-10-06,
SYN-018,Fictional customer 18,1000000,0.01000000,1BpEi6DfDAUFd7GtittLSdBeYJvcoaVggu,2026-10-06,
SYN-019,Fictional customer 19,1000000,0.01000000,1BpEi6DfDAUFd7GtittLSdBeYJvcoaVggu,2026-10-06,
SYN-020,Fictional customer 20,1000000,0.01000000,1BpEi6DfDAUFd7GtittLSdBeYJvcoaVggu,2026-10-06,
SYN-021,Fictional customer 21,1000000,0.01000000,1BpEi6DfDAUFd7GtittLSdBeYJvcoaVggu,2026-10-06,
SYN-022,Fictional customer 22,1000000,0.01000000,1BpEi6DfDAUFd7GtittLSdBeYJvcoaVggu,2026-10-06,
SYN-023,Fictional customer 23,1000000,0.01000000,1BpEi6DfDAUFd7GtittLSdBeYJvcoaVggu,2026-10-06,
SYN-024,Fictional customer 24,1000000,0.01000000,1BpEi6DfDAUFd7GtittLSdBeYJvcoaVggu,2026-10-06,
SYN-025,Fictional customer 25,1000000,0.01000000,1BpEi6DfDAUFd7GtittLSdBeYJvcoaVggu,2026-10-06,
SYN-026,Fictional customer 26,1000000,0.01000000,1BpEi6DfDAUFd7GtittLSdBeYJvcoaVggu,2026-10-06,
SYN-027,Fictional customer 27,1000000,0.01000000,1KXrWXciRDZUpQwQmuM1DbwsKDLYAYsVLR,2026-10-06,
SYN-028,Fictional customer 28,1000000,0.01000000,1KXrWXciRDZUpQwQmuM1DbwsKDLYAYsVLR,2026-10-06,
SYN-029,Fictional customer 29,1000000,0.01000000,3LDsS579y7sruadqu11beEJoTjdFiFCdX4,2026-10-06,
SYN-030,Fictional customer 30,1000000,0.01000000,3LDsS579y7sruadqu11beEJoTjdFiFCdX4,2026-10-06,
