"record_type","invoice_id","customer","expected_bch","confirmed_bch","pending_bch","outstanding_bch","excess_bch","status","txid","output_index","receipt_bch","receiving_address","confirmations","source","observed_at","match_method","review_note","generated_at","dataset"
"invoice","SYN-001","Fictional customer 01","0.01000000","0.01000000","0.00000000","0.00000000","0.00000000","Paid","","","","bitcoincash:qpm2qsznhks23z7629mms6s4cwef74vcwvy22gdx6a","","","","","","2026-10-07T03:59:48.358Z","sample"
"invoice","SYN-002","Fictional customer 02","0.01000000","0.01000000","0.00000000","0.00000000","0.00000000","Paid","","","","bitcoincash:qpm2qsznhks23z7629mms6s4cwef74vcwvy22gdx6a","","","","","","2026-10-07T03:59:48.358Z","sample"
"invoice","SYN-003","Fictional customer 03","0.01000000","0.01000000","0.00000000","0.00000000","0.00000000","Paid","","","","bitcoincash:qpm2qsznhks23z7629mms6s4cwef74vcwvy22gdx6a","","","","","","2026-10-07T03:59:48.358Z","sample"
"invoice","SYN-004","Fictional customer 04","0.01000000","0.01000000","0.00000000","0.00000000","0.00000000","Paid","","","","bitcoincash:qpm2qsznhks23z7629mms6s4cwef74vcwvy22gdx6a","","","","","","2026-10-07T03:59:48.358Z","sample"
"invoice","SYN-005","Fictional customer 05","0.01000000","0.01000000","0.00000000","0.00000000","0.00000000","Paid","","","","bitcoincash:qpm2qsznhks23z7629mms6s4cwef74vcwvy22gdx6a","","","","","","2026-10-07T03:59:48.358Z","sample"
"invoice","SYN-006","Fictional customer 06","0.01000000","0.01000000","0.00000000","0.00000000","0.00000000","Paid","","","","bitcoincash:qpm2qsznhks23z7629mms6s4cwef74vcwvy22gdx6a","","","","","","2026-10-07T03:59:48.358Z","sample"
"invoice","SYN-007","Fictional customer 07","0.01000000","0.01000000","0.00000000","0.00000000","0.00000000","Paid","","","","bitcoincash:qpm2qsznhks23z7629mms6s4cwef74vcwvy22gdx6a","","","","","","2026-10-07T03:59:48.358Z","sample"
"invoice","SYN-008","Fictional customer 08","0.01000000","0.01000000","0.00000000","0.00000000","0.00000000","Paid","","","","bitcoincash:qpm2qsznhks23z7629mms6s4cwef74vcwvy22gdx6a","","","","","","2026-10-07T03:59:48.358Z","sample"
"invoice","SYN-009","Fictional customer 09","0.01000000","0.01000000","0.00000000","0.00000000","0.00000000","Paid","","","","bitcoincash:qpm2qsznhks23z7629mms6s4cwef74vcwvy22gdx6a","","","","","","2026-10-07T03:59:48.358Z","sample"
"invoice","SYN-010","Fictional customer 10","0.01000000","0.01000000","0.00000000","0.00000000","0.00000000","Paid","","","","bitcoincash:qpm2qsznhks23z7629mms6s4cwef74vcwvy22gdx6a","","","","","","2026-10-07T03:59:48.358Z","sample"
"invoice","SYN-011","Fictional customer 11","0.01000000","0.01000000","0.00000000","0.00000000","0.00000000","Paid","","","","bitcoincash:qpm2qsznhks23z7629mms6s4cwef74vcwvy22gdx6a","","","","","","2026-10-07T03:59:48.358Z","sample"
"invoice","SYN-012","Fictional customer 12","0.01000000","0.01000000","0.00000000","0.00000000","0.00000000","Paid","","","","bitcoincash:qpm2qsznhks23z7629mms6s4cwef74vcwvy22gdx6a","","","","","","2026-10-07T03:59:48.358Z","sample"
"invoice","SYN-013","Fictional customer 13","0.01000000","0.01000000","0.00000000","0.00000000","0.00000000","Paid","","","","bitcoincash:qpm2qsznhks23z7629mms6s4cwef74vcwvy22gdx6a","","","","","","2026-10-07T03:59:48.358Z","sample"
"invoice","SYN-014","Fictional customer 14","0.01000000","0.01000000","0.00000000","0.00000000","0.00000000","Paid","","","","bitcoincash:qpm2qsznhks23z7629mms6s4cwef74vcwvy22gdx6a","","","","","","2026-10-07T03:59:48.358Z","sample"
"invoice","SYN-015","Fictional customer 15","0.01000000","0.01000000","0.00000000","0.00000000","0.00000000","Paid","","","","bitcoincash:qpm2qsznhks23z7629mms6s4cwef74vcwvy22gdx6a","","","","","","2026-10-07T03:59:48.358Z","sample"
"invoice","SYN-016","Fictional customer 16","0.01000000","0.01000000","0.00000000","0.00000000","0.00000000","Paid","","","","bitcoincash:qpm2qsznhks23z7629mms6s4cwef74vcwvy22gdx6a","","","","","","2026-10-07T03:59:48.358Z","sample"
"invoice","SYN-017","Fictional customer 17","0.01000000","0.00400000","0.00000000","0.00600000","0.00000000","Partial","","","","bitcoincash:qpm2qsznhks23z7629mms6s4cwef74vcwvy22gdx6a","","","","","","2026-10-07T03:59:48.358Z","sample"
"invoice","SYN-018","Fictional customer 18","0.01000000","0.00400000","0.00000000","0.00600000","0.00000000","Partial","","","","bitcoincash:qpm2qsznhks23z7629mms6s4cwef74vcwvy22gdx6a","","","","","","2026-10-07T03:59:48.358Z","sample"
"invoice","SYN-019","Fictional customer 19","0.01000000","0.00400000","0.00000000","0.00600000","0.00000000","Partial","","","","bitcoincash:qpm2qsznhks23z7629mms6s4cwef74vcwvy22gdx6a","","","","","","2026-10-07T03:59:48.358Z","sample"
"invoice","SYN-020","Fictional customer 20","0.01000000","0.00400000","0.00000000","0.00600000","0.00000000","Partial","","","","bitcoincash:qpm2qsznhks23z7629mms6s4cwef74vcwvy22gdx6a","","","","","","2026-10-07T03:59:48.358Z","sample"
"invoice","SYN-021","Fictional customer 21","0.01000000","0.00000000","0.00000000","0.01000000","0.00000000","Unpaid","","","","bitcoincash:qpm2qsznhks23z7629mms6s4cwef74vcwvy22gdx6a","","","","","","2026-10-07T03:59:48.358Z","sample"
"invoice","SYN-022","Fictional customer 22","0.01000000","0.00000000","0.00000000","0.01000000","0.00000000","Unpaid","","","","bitcoincash:qpm2qsznhks23z7629mms6s4cwef74vcwvy22gdx6a","","","","","","2026-10-07T03:59:48.358Z","sample"
"invoice","SYN-023","Fictional customer 23","0.01000000","0.00000000","0.00000000","0.01000000","0.00000000","Unpaid","","","","bitcoincash:qpm2qsznhks23z7629mms6s4cwef74vcwvy22gdx6a","","","","","","2026-10-07T03:59:48.358Z","sample"
"invoice","SYN-024","Fictional customer 24","0.01000000","0.00000000","0.00000000","0.01000000","0.00000000","Unpaid","","","","bitcoincash:qpm2qsznhks23z7629mms6s4cwef74vcwvy22gdx6a","","","","","","2026-10-07T03:59:48.358Z","sample"
"invoice","SYN-025","Fictional customer 25","0.01000000","0.01100000","0.00000000","0.00000000","0.00100000","Excess","","","","bitcoincash:qpm2qsznhks23z7629mms6s4cwef74vcwvy22gdx6a","","","","","","2026-10-07T03:59:48.358Z","sample"
"invoice","SYN-026","Fictional customer 26","0.01000000","0.01100000","0.00000000","0.00000000","0.00100000","Excess","","","","bitcoincash:qpm2qsznhks23z7629mms6s4cwef74vcwvy22gdx6a","","","","","","2026-10-07T03:59:48.358Z","sample"
"invoice","SYN-027","Fictional customer 27","0.01000000","0.00000000","0.01000000","0.01000000","0.00000000","Pending","","","","bitcoincash:qr95sy3j9xwd2ap32xkykttr4cvcu7as4y0qverfuy","","","","","","2026-10-07T03:59:48.358Z","sample"
"invoice","SYN-028","Fictional customer 28","0.01000000","0.00000000","0.01000000","0.01000000","0.00000000","Pending","","","","bitcoincash:qr95sy3j9xwd2ap32xkykttr4cvcu7as4y0qverfuy","","","","","","2026-10-07T03:59:48.358Z","sample"
"invoice","SYN-029","Fictional customer 29","0.01000000","0.00000000","0.00000000","0.01000000","0.00000000","Review","","","","bitcoincash:pr95sy3j9xwd2ap32xkykttr4cvcu7as4yc93ky28e","","","","","","2026-10-07T03:59:48.358Z","sample"
"invoice","SYN-030","Fictional customer 30","0.01000000","0.00000000","0.00000000","0.01000000","0.00000000","Review","","","","bitcoincash:pr95sy3j9xwd2ap32xkykttr4cvcu7as4yc93ky28e","","","","","","2026-10-07T03:59:48.358Z","sample"
"receipt","SYN-001","","","","","","","Reference","4846ecb765127aec32ccd022b510468947c0031c2e4867de69a9c4fd0b9a1831","0","0.01000000","bitcoincash:qpm2qsznhks23z7629mms6s4cwef74vcwvy22gdx6a","6","sample","2026-10-07T04:00:00.000Z","Reference","Explicit payment reference and receiving address agree.","2026-10-07T03:59:48.358Z","sample"
"receipt","SYN-002","","","","","","","Reference","1e150ad0a6b561fc9e38533226f5ce62596c7715809cc2254b0da99d9f4e283b","0","0.01000000","bitcoincash:qpm2qsznhks23z7629mms6s4cwef74vcwvy22gdx6a","6","sample","2026-10-07T04:00:00.000Z","Reference","Explicit payment reference and receiving address agree.","2026-10-07T03:59:48.358Z","sample"
"receipt","SYN-003","","","","","","","Reference","5a5c699ffb58fea88151f3cdb1114891ec50ba2b5c94d9bd87f6e6c53b012bfb","0","0.01000000","bitcoincash:qpm2qsznhks23z7629mms6s4cwef74vcwvy22gdx6a","6","sample","2026-10-07T04:00:00.000Z","Reference","Explicit payment reference and receiving address agree.","2026-10-07T03:59:48.358Z","sample"
"receipt","SYN-004","","","","","","","Reference","f4cac77298109f3faa18ea9a34dde513ea89b5aec0562fac494d53fea9075eef","0","0.01000000","bitcoincash:qpm2qsznhks23z7629mms6s4cwef74vcwvy22gdx6a","6","sample","2026-10-07T04:00:00.000Z","Reference","Explicit payment reference and receiving address agree.","2026-10-07T03:59:48.358Z","sample"
"receipt","SYN-005","","","","","","","Reference","6cb36837c5e495047dc75d2bd897b807bc1a6f12866c4d6e3554e77560ebde64","0","0.01000000","bitcoincash:qpm2qsznhks23z7629mms6s4cwef74vcwvy22gdx6a","6","sample","2026-10-07T04:00:00.000Z","Reference","Explicit payment reference and receiving address agree.","2026-10-07T03:59:48.358Z","sample"
"receipt","SYN-006","","","","","","","Reference","e7e9b7c22029cee3604f2bc3947a90475fe0215b2c046071ef974adf576bc2f8","0","0.01000000","bitcoincash:qpm2qsznhks23z7629mms6s4cwef74vcwvy22gdx6a","6","sample","2026-10-07T04:00:00.000Z","Reference","Explicit payment reference and receiving address agree.","2026-10-07T03:59:48.358Z","sample"
"receipt","SYN-007","","","","","","","Reference","5a80ce7cda5e5fc006edaa6383b277da88de4f15c134cdc155a5ef05972d048f","0","0.01000000","bitcoincash:qpm2qsznhks23z7629mms6s4cwef74vcwvy22gdx6a","6","sample","2026-10-07T04:00:00.000Z","Reference","Explicit payment reference and receiving address agree.","2026-10-07T03:59:48.358Z","sample"
"receipt","SYN-008","","","","","","","Reference","bc6ae9f2a4e7aef9812208e1b4d2448bbab55f7b210b0f9b5b2b54f6b7f62bcf","0","0.01000000","bitcoincash:qpm2qsznhks23z7629mms6s4cwef74vcwvy22gdx6a","6","sample","2026-10-07T04:00:00.000Z","Reference","Explicit payment reference and receiving address agree.","2026-10-07T03:59:48.358Z","sample"
"receipt","SYN-009","","","","","","","Reference","2a920fbb793a01b0ae6c9e2cf1def4c0665d48de5d65624232557b7a427d353c","0","0.01000000","bitcoincash:qpm2qsznhks23z7629mms6s4cwef74vcwvy22gdx6a","6","sample","2026-10-07T04:00:00.000Z","Reference","Explicit payment reference and receiving address agree.","2026-10-07T03:59:48.358Z","sample"
"receipt","SYN-010","","","","","","","Reference","35933b253278d0380dfd94abad1441319cb4124381e407bb069e49fb7717bf8f","0","0.01000000","bitcoincash:qpm2qsznhks23z7629mms6s4cwef74vcwvy22gdx6a","6","sample","2026-10-07T04:00:00.000Z","Reference","Explicit payment reference and receiving address agree.","2026-10-07T03:59:48.358Z","sample"
"receipt","SYN-011","","","","","","","Reference","2aedcc8583d13e5099fe01a271b404ff1f73070fbd30d7a1d9d9763ff2b5fd4e","0","0.01000000","bitcoincash:qpm2qsznhks23z7629mms6s4cwef74vcwvy22gdx6a","6","sample","2026-10-07T04:00:00.000Z","Reference","Explicit payment reference and receiving address agree.","2026-10-07T03:59:48.358Z","sample"
"receipt","SYN-012","","","","","","","Reference","6deaf75da9099c66ba7d43ddeeffe4768fb250a2361de476b6ef3a51f1f3a058","0","0.01000000","bitcoincash:qpm2qsznhks23z7629mms6s4cwef74vcwvy22gdx6a","6","sample","2026-10-07T04:00:00.000Z","Reference","Explicit payment reference and receiving address agree.","2026-10-07T03:59:48.358Z","sample"
"receipt","SYN-013","","","","","","","Reference","4f26c2c14fe8a6a78f740c9834afcfcb5ab59d6bcd1c4c4c6ba0e567fd7abb9d","0","0.01000000","bitcoincash:qpm2qsznhks23z7629mms6s4cwef74vcwvy22gdx6a","6","sample","2026-10-07T04:00:00.000Z","Reference","Explicit payment reference and receiving address agree.","2026-10-07T03:59:48.358Z","sample"
"receipt","SYN-014","","","","","","","Reference","f8aa5ebe5a17c80043c7b22db2fa450aa5ca7580676c984012482ec52d07b02e","0","0.01000000","bitcoincash:qpm2qsznhks23z7629mms6s4cwef74vcwvy22gdx6a","6","sample","2026-10-07T04:00:00.000Z","Reference","Explicit payment reference and receiving address agree.","2026-10-07T03:59:48.358Z","sample"
"receipt","SYN-015","","","","","","","Reference","b16cb47e47e9aeacc6a136d88595d542e2a4df198da23b71f12f7ef80ac9bd45","0","0.01000000","bitcoincash:qpm2qsznhks23z7629mms6s4cwef74vcwvy22gdx6a","6","sample","2026-10-07T04:00:00.000Z","Reference","Explicit payment reference and receiving address agree.","2026-10-07T03:59:48.358Z","sample"
"receipt","SYN-016","","","","","","","Reference","ab05944c28694952deb5cca1a2162bcec776c6fe85324e1a7a8ce30adb27bee4","0","0.00400000","bitcoincash:qpm2qsznhks23z7629mms6s4cwef74vcwvy22gdx6a","6","sample","2026-10-07T04:00:00.000Z","Reference","Explicit payment reference and receiving address agree.","2026-10-07T03:59:48.358Z","sample"
"receipt","SYN-016","","","","","","","Reference","ab05944c28694952deb5cca1a2162bcec776c6fe85324e1a7a8ce30adb27bee4","1","0.00600000","bitcoincash:qpm2qsznhks23z7629mms6s4cwef74vcwvy22gdx6a","6","sample","2026-10-07T04:00:00.000Z","Reference","Explicit payment reference and receiving address agree.","2026-10-07T03:59:48.358Z","sample"
"receipt","SYN-017","","","","","","","Reference","a01f9ad949637836cf93ee520c92cbb6dfd400fe37176d2a2572c504440c8f1b","0","0.00400000","bitcoincash:qpm2qsznhks23z7629mms6s4cwef74vcwvy22gdx6a","6","sample","2026-10-07T04:00:00.000Z","Reference","Explicit payment reference and receiving address agree.","2026-10-07T03:59:48.358Z","sample"
"receipt","SYN-018","","","","","","","Reference","c9707fee12b8a610f7b16a55f774749e39c546f5fd8f7dee6d53297f805734a7","0","0.00400000","bitcoincash:qpm2qsznhks23z7629mms6s4cwef74vcwvy22gdx6a","6","sample","2026-10-07T04:00:00.000Z","Reference","Explicit payment reference and receiving address agree.","2026-10-07T03:59:48.358Z","sample"
"receipt","SYN-019","","","","","","","Reference","9ea02b8f8208066c6aecbe7e113e11f5ff9e573fa82d93b747f56ac555d0b88c","0","0.00400000","bitcoincash:qpm2qsznhks23z7629mms6s4cwef74vcwvy22gdx6a","6","sample","2026-10-07T04:00:00.000Z","Reference","Explicit payment reference and receiving address agree.","2026-10-07T03:59:48.358Z","sample"
"receipt","SYN-020","","","","","","","Reference","d8b58eb4e4132599ba142789622d9c3c882e25b5eca76ce232be05b9436ecb27","0","0.00400000","bitcoincash:qpm2qsznhks23z7629mms6s4cwef74vcwvy22gdx6a","6","sample","2026-10-07T04:00:00.000Z","Reference","Explicit payment reference and receiving address agree.","2026-10-07T03:59:48.358Z","sample"
"receipt","SYN-025","","","","","","","Reference","94530caddff48295849088a89d8d1dd85ec5865cedad7e8a132254c2d567ef08","0","0.01100000","bitcoincash:qpm2qsznhks23z7629mms6s4cwef74vcwvy22gdx6a","6","sample","2026-10-07T04:00:00.000Z","Reference","Explicit payment reference and receiving address agree.","2026-10-07T03:59:48.358Z","sample"
"receipt","SYN-026","","","","","","","Reference","3d5ae816686624c17f9445d8c2e7fc7de2e83f7df6609a3987326a7cfeffaf46","0","0.01100000","bitcoincash:qpm2qsznhks23z7629mms6s4cwef74vcwvy22gdx6a","6","sample","2026-10-07T04:00:00.000Z","Reference","Explicit payment reference and receiving address agree.","2026-10-07T03:59:48.358Z","sample"
"receipt","SYN-027","","","","","","","Reference","8c55be506b69693068e170522ed20dd4ba6c2a32df3f281946695f8a2417d006","0","0.01000000","bitcoincash:qr95sy3j9xwd2ap32xkykttr4cvcu7as4y0qverfuy","0","sample","2026-10-07T04:00:00.000Z","Reference","Explicit payment reference and receiving address agree.","2026-10-07T03:59:48.358Z","sample"
"receipt","SYN-028","","","","","","","Reference","68ccaeaff2183c06c98d150898f9ff48830b45185981208c64fdc6b33242d9fc","0","0.01000000","bitcoincash:qr95sy3j9xwd2ap32xkykttr4cvcu7as4y0qverfuy","","sample","2026-10-07T04:00:00.000Z","Reference","Explicit payment reference and receiving address agree.","2026-10-07T03:59:48.358Z","sample"
"receipt","","","","","","","","Review","fbdd14a839fbd7bc2ba035102d6c01629a2a15c9a53ca4cb3b3682c06f7be2ff","0","0.01000000","bitcoincash:pr95sy3j9xwd2ap32xkykttr4cvcu7as4yc93ky28e","6","sample","2026-10-07T04:00:00.000Z","Unmatched","Receiving address is reused. Choose the invoice after checking the payment.","2026-10-07T03:59:48.358Z","sample"